Unnamed: 0,Nombre_libro,Nombre_autor,Editorial,Formato,Precio
0,El libro de Bill ,Alex Hirsch,Planeta,tapa dura,348
1,Yo nunca vi televisión ,31 minutos,Planeta Infantil México,tapa blanda,148
2,Hábitos atómicos TD ,James Clear,Paidós,tapa dura,459
3,El invencible verano de Liliana ,Cristina Rivera Garza,Literatura Random House,Multiformato,369
4,¡Gracias! ,Andrés Manuel López Obrador,Planeta México,tapa blanda,298
5,La autobiografía no autorizada de Tulio Triviño ,31 minutos,Planeta Infantil México,tapa blanda,148
6,Fisco Agenda 2024 ,Ediciones Fiscales ISEF,Ediciones fiscales ISEF,tapa blanda,356
7,Este dolor no es mío. Identifica y resuelve los traumas familiares heredados. ,Mark Wolynn,Gaia ediciones,tapa blanda,395
8,Hábitos atómicos ,James Clear,Paidós,tapa blanda,399
9,El libro de Bill ,Alex Hirsch,Planeta,tapa dura,348
10,Yo nunca vi televisión ,31 minutos,Planeta Infantil México,tapa blanda,148
11,Hábitos atómicos TD ,James Clear,Paidós,tapa dura,459
12,El invencible verano de Liliana ,Cristina Rivera Garza,Literatura Random House,Multiformato,369
13,¡Gracias! ,Andrés Manuel López Obrador,Planeta México,tapa blanda,298
14,La autobiografía no autorizada de Tulio Triviño ,31 minutos,Planeta Infantil México,tapa blanda,148
15,Fisco Agenda 2024 ,Ediciones Fiscales ISEF,Ediciones fiscales ISEF,tapa blanda,356
16,Este dolor no es mío. Identifica y resuelve los traumas familiares heredados. ,Mark Wolynn,Gaia ediciones,tapa blanda,395
17,Hábitos atómicos ,James Clear,Paidós,tapa blanda,399
18,Matemáticas 2. Revuela primaria ,SM de Ediciones,SM,tapa blanda,799
19,La biblioteca de la medianoche ,Matt Haig,AdN,tapa blanda,361
20,Ya te cargó el retiro ,Eduardo Rosas,Grijalbo,tapa blanda,329
21,MEDITACIONES ,Marco Aurelio,Gandhi editores,tapa dura,249
22,"Dinastías: Dos familias, una nación ",Ramón Alberto Garza,Planeta México,tapa blanda,348
23,Romper el círculo (It Ends with Us) (Tie-In) ,Colleen Hoover,Planeta México,tapa blanda,348
24,La ciudad y sus muros inciertos ,Haruki Murakami,Tusquets México,Multiformato,398
25,DEJA DE SER TU ,Joe Dispenza,Urano,tapa blanda,370
26,Un lugar soleado para gente sombría ,Mariana Enriquez,Anagrama Océano,tapa blanda,293
27,Las mujeres que aman demasiado ,Robin Norwood,B de bolsillo,Multiformato,299
28,Relatos de la noche ,Uriel Reyes,Suma,Multiformato,229
29,EL SUTIL ARTE DE QUE TE IMPORTE UN CARAJO 2A. ED. ,Mark Manson,HarperCollins,tapa blanda,222
30,El libro de Bill ,Alex Hirsch,Planeta,tapa dura,348
31,Yo nunca vi televisión ,31 minutos,Planeta Infantil México,tapa blanda,148
32,Hábitos atómicos TD ,James Clear,Paidós,tapa dura,459
33,El invencible verano de Liliana ,Cristina Rivera Garza,Literatura Random House,Multiformato,369
34,¡Gracias! ,Andrés Manuel López Obrador,Planeta México,tapa blanda,298
35,La autobiografía no autorizada de Tulio Triviño ,31 minutos,Planeta Infantil México,tapa blanda,148
36,Fisco Agenda 2024 ,Ediciones Fiscales ISEF,Ediciones fiscales ISEF,tapa blanda,356
37,Este dolor no es mío. Identifica y resuelve los traumas familiares heredados. ,Mark Wolynn,Gaia ediciones,tapa blanda,395
38,Hábitos atómicos ,James Clear,Paidós,tapa blanda,399
39,Matemáticas 2. Revuela primaria ,SM de Ediciones,SM,tapa blanda,799
40,La biblioteca de la medianoche ,Matt Haig,AdN,tapa blanda,361
41,Ya te cargó el retiro ,Eduardo Rosas,Grijalbo,tapa blanda,329
42,MEDITACIONES ,Marco Aurelio,Gandhi editores,tapa dura,249
43,"Dinastías: Dos familias, una nación ",Ramón Alberto Garza,Planeta México,tapa blanda,348
44,Romper el círculo (It Ends with Us) (Tie-In) ,Colleen Hoover,Planeta México,tapa blanda,348
45,La ciudad y sus muros inciertos ,Haruki Murakami,Tusquets México,Multiformato,398
46,DEJA DE SER TU ,Joe Dispenza,Urano,tapa blanda,370
47,Un lugar soleado para gente sombría ,Mariana Enriquez,Anagrama Océano,tapa blanda,293
48,Las mujeres que aman demasiado ,Robin Norwood,B de bolsillo,Multiformato,299
49,Relatos de la noche ,Uriel Reyes,Suma,Multiformato,229
50,EL SUTIL ARTE DE QUE TE IMPORTE UN CARAJO 2A. ED. ,Mark Manson,HarperCollins,tapa blanda,222
51,Estrellas De Vainilla ,Aleida Ocegueda,El Naranjo,tapa blanda,122
52,El derechairo que vendió su ferrari ,Jairo Calixto Albarrán,Aguilar,tapa blanda,249
53,El mito de Sísifo ,Albert Camus,Debolsillo,tapa blanda,149
54,Cuando no queden más estrellas que contar ,María Martínez,Crossbooks,tapa blanda,398
55,"Si lo crees, lo creas ",Brian Tracy,Debolsillo,tapa blanda,229
56,Pedro Páramo ,Juan Rulfo,RM,Multiformato,160
57,El principito ,Antoine de Saint-Exupéry,Gandhi editores,tapa dura,199
58,Agenda Mercantil 2024 ,Ediciones Fiscales ISEF,Ediciones fiscales ISEF,tapa blanda,335
59,Ejercicios Matemáticos 5 ,Varios autores,Larousse,tapa blanda,53
60,El pequeño libro de la realidad ,Odin Dupeyron,Disidente,tapa blanda,396
61,Así no es ,Viri Ríos,Grijalbo,tapa blanda,249
62,Dios. La ciencia. Las pruebas. ,Michel Yves Bollore,Oceano,tapa blanda,395
63,El libro de Bill ,Alex Hirsch,Planeta,tapa dura,348
64,Yo nunca vi televisión ,31 minutos,Planeta Infantil México,tapa blanda,148
65,Hábitos atómicos TD ,James Clear,Paidós,tapa dura,459
66,El invencible verano de Liliana ,Cristina Rivera Garza,Literatura Random House,Multiformato,369
67,¡Gracias! ,Andrés Manuel López Obrador,Planeta México,tapa blanda,298
68,La autobiografía no autorizada de Tulio Triviño ,31 minutos,Planeta Infantil México,tapa blanda,148
69,Fisco Agenda 2024 ,Ediciones Fiscales ISEF,Ediciones fiscales ISEF,tapa blanda,356
70,Este dolor no es mío. Identifica y resuelve los traumas familiares heredados. ,Mark Wolynn,Gaia ediciones,tapa blanda,395
71,Hábitos atómicos ,James Clear,Paidós,tapa blanda,399
72,Matemáticas 2. Revuela primaria ,SM de Ediciones,SM,tapa blanda,799
73,La biblioteca de la medianoche ,Matt Haig,AdN,tapa blanda,361
74,Ya te cargó el retiro ,Eduardo Rosas,Grijalbo,tapa blanda,329
75,MEDITACIONES ,Marco Aurelio,Gandhi editores,tapa dura,249
76,"Dinastías: Dos familias, una nación ",Ramón Alberto Garza,Planeta México,tapa blanda,348
77,Romper el círculo (It Ends with Us) (Tie-In) ,Colleen Hoover,Planeta México,tapa blanda,348
78,La ciudad y sus muros inciertos ,Haruki Murakami,Tusquets México,Multiformato,398
79,DEJA DE SER TU ,Joe Dispenza,Urano,tapa blanda,370
80,Un lugar soleado para gente sombría ,Mariana Enriquez,Anagrama Océano,tapa blanda,293
81,Las mujeres que aman demasiado ,Robin Norwood,B de bolsillo,Multiformato,299
82,Relatos de la noche ,Uriel Reyes,Suma,Multiformato,229
83,EL SUTIL ARTE DE QUE TE IMPORTE UN CARAJO 2A. ED. ,Mark Manson,HarperCollins,tapa blanda,222
84,Estrellas De Vainilla ,Aleida Ocegueda,El Naranjo,tapa blanda,122
85,El derechairo que vendió su ferrari ,Jairo Calixto Albarrán,Aguilar,tapa blanda,249
86,El mito de Sísifo ,Albert Camus,Debolsillo,tapa blanda,149
87,Cuando no queden más estrellas que contar ,María Martínez,Crossbooks,tapa blanda,398
88,"Si lo crees, lo creas ",Brian Tracy,Debolsillo,tapa blanda,229
89,Pedro Páramo ,Juan Rulfo,RM,Multiformato,160
90,El principito ,Antoine de Saint-Exupéry,Gandhi editores,tapa dura,199
91,Agenda Mercantil 2024 ,Ediciones Fiscales ISEF,Ediciones fiscales ISEF,tapa blanda,335
92,Ejercicios Matemáticos 5 ,Varios autores,Larousse,tapa blanda,53
93,El pequeño libro de la realidad ,Odin Dupeyron,Disidente,tapa blanda,396
94,Así no es ,Viri Ríos,Grijalbo,tapa blanda,249
95,Dios. La ciencia. Las pruebas. ,Michel Yves Bollore,Oceano,tapa blanda,395
96,Cuentos gatunos ,Varios Autores,EDICIONES GANDHI,tapa dura,229
97,No te creas todo lo que piensas ,Joseph Nguyen,Aguilar Fontanar,Multiformato,199
98,Constitución política de los Estados Unidos Mexicanos 15a edición ,Miguel Carbonell,TIRANT LO BLANCH,tapa blanda,39
99,La paciente silenciosa ,Alex Michaelides,Alfaguara,Multiformato,439
100,Ejercicios de Ortografía 3 primaria ,Varios autores,Larousse,tapa blanda,52
101,Apología de Sócrates ,Platón,Gredos,tapa dura,99
102,SEDUCIENDO A MR: BRIDGERTON : BRIDGERTON 4 ,Julia Quinn,Titania,tapa blanda,345
103,La reina de espadas ,Jazmina Barrera,Lumen,Multiformato,319
104,Mis días en la librería Morisaki ,Satoshi Yagisawa,Plata,tapa blanda,195
105,Los alemanes ( Premio Alfaguara de novela 2024 ) ,Sergio del Molino,Alfaguara,tapa blanda,389
106,Romper el círculo (It Ends with Us) ,Colleen Hoover,Planeta,tapa blanda,348
107,Un animal salvaje ,Joël Dicker,Alfaguara,Multiformato,489
108,El libro de Bill ,Alex Hirsch,Planeta,tapa dura,348
109,Yo nunca vi televisión ,31 minutos,Planeta Infantil México,tapa blanda,148
110,Hábitos atómicos TD ,James Clear,Paidós,tapa dura,459
111,El invencible verano de Liliana ,Cristina Rivera Garza,Literatura Random House,Multiformato,369
112,¡Gracias! ,Andrés Manuel López Obrador,Planeta México,tapa blanda,298
113,La autobiografía no autorizada de Tulio Triviño ,31 minutos,Planeta Infantil México,tapa blanda,148
114,Fisco Agenda 2024 ,Ediciones Fiscales ISEF,Ediciones fiscales ISEF,tapa blanda,356
115,Este dolor no es mío. Identifica y resuelve los traumas familiares heredados. ,Mark Wolynn,Gaia ediciones,tapa blanda,395
116,Hábitos atómicos ,James Clear,Paidós,tapa blanda,399
117,Matemáticas 2. Revuela primaria ,SM de Ediciones,SM,tapa blanda,799
118,La biblioteca de la medianoche ,Matt Haig,AdN,tapa blanda,361
119,Ya te cargó el retiro ,Eduardo Rosas,Grijalbo,tapa blanda,329
120,MEDITACIONES ,Marco Aurelio,Gandhi editores,tapa dura,249
121,"Dinastías: Dos familias, una nación ",Ramón Alberto Garza,Planeta México,tapa blanda,348
122,Romper el círculo (It Ends with Us) (Tie-In) ,Colleen Hoover,Planeta México,tapa blanda,348
123,La ciudad y sus muros inciertos ,Haruki Murakami,Tusquets México,Multiformato,398
124,DEJA DE SER TU ,Joe Dispenza,Urano,tapa blanda,370
125,Un lugar soleado para gente sombría ,Mariana Enriquez,Anagrama Océano,tapa blanda,293
126,Las mujeres que aman demasiado ,Robin Norwood,B de bolsillo,Multiformato,299
127,Relatos de la noche ,Uriel Reyes,Suma,Multiformato,229
128,EL SUTIL ARTE DE QUE TE IMPORTE UN CARAJO 2A. ED. ,Mark Manson,HarperCollins,tapa blanda,222
129,Estrellas De Vainilla ,Aleida Ocegueda,El Naranjo,tapa blanda,122
130,El derechairo que vendió su ferrari ,Jairo Calixto Albarrán,Aguilar,tapa blanda,249
131,El mito de Sísifo ,Albert Camus,Debolsillo,tapa blanda,149
132,Cuando no queden más estrellas que contar ,María Martínez,Crossbooks,tapa blanda,398
133,"Si lo crees, lo creas ",Brian Tracy,Debolsillo,tapa blanda,229
134,Pedro Páramo ,Juan Rulfo,RM,Multiformato,160
135,El principito ,Antoine de Saint-Exupéry,Gandhi editores,tapa dura,199
136,Agenda Mercantil 2024 ,Ediciones Fiscales ISEF,Ediciones fiscales ISEF,tapa blanda,335
137,Ejercicios Matemáticos 5 ,Varios autores,Larousse,tapa blanda,53
138,El pequeño libro de la realidad ,Odin Dupeyron,Disidente,tapa blanda,396
139,Así no es ,Viri Ríos,Grijalbo,tapa blanda,249
140,Dios. La ciencia. Las pruebas. ,Michel Yves Bollore,Oceano,tapa blanda,395
141,Cuentos gatunos ,Varios Autores,EDICIONES GANDHI,tapa dura,229
142,No te creas todo lo que piensas ,Joseph Nguyen,Aguilar Fontanar,Multiformato,199
143,Constitución política de los Estados Unidos Mexicanos 15a edición ,Miguel Carbonell,TIRANT LO BLANCH,tapa blanda,39
144,La paciente silenciosa ,Alex Michaelides,Alfaguara,Multiformato,439
145,Ejercicios de Ortografía 3 primaria ,Varios autores,Larousse,tapa blanda,52
146,Apología de Sócrates ,Platón,Gredos,tapa dura,99
147,SEDUCIENDO A MR: BRIDGERTON : BRIDGERTON 4 ,Julia Quinn,Titania,tapa blanda,345
148,La reina de espadas ,Jazmina Barrera,Lumen,Multiformato,319
149,Mis días en la librería Morisaki ,Satoshi Yagisawa,Plata,tapa blanda,195
150,Los alemanes ( Premio Alfaguara de novela 2024 ) ,Sergio del Molino,Alfaguara,tapa blanda,389
151,Romper el círculo (It Ends with Us) ,Colleen Hoover,Planeta,tapa blanda,348
152,Un animal salvaje ,Joël Dicker,Alfaguara,Multiformato,489
153,Balún-Canán ,Rosario Castellanos,Fondo De Cultura Economica,Multiformato,74
154,Ejercicios de Caligrafía 1 de primaria ,Varios autores,Larousse,tapa blanda,46
155,El Mundo de Sofía (pocket) ,Jostein Gaarder,Grupo Editorial Patria,tapa blanda,269
156,Cumbres Borrascosas ,Emily Brontë,Alianza editorial,tapa blanda,285
157,El infinito en un junco ,Irene Vallejo,Debolsillo,tapa blanda,429
158,El gato que decía adiós ,Hiro Arikawa,Lumen,tapa blanda,289
159,Los recuerdos del porvenir ,Elena Garro,Alfaguara,Multiformato,429
160,Ejercicios de Ortografía 1 primaria ,Varios autores,Larousse,tapa blanda,52
161,"TD Recupera tu mente, reconquista tu vida ",Marian Rojas Estapé,Espasa México,tapa blanda,428
162,El principito ,Antoine de Saint-Exupéry,Gandhi editores,tapa blanda,99
163,Los demonios del Edén ,Lydia Cacho,Debolsillo,tapa blanda,351
164,Fabricante de lágrimas ,Erin Doom,Montena,tapa blanda,479
165,El libro de Bill ,Alex Hirsch,Planeta,tapa dura,348
166,Yo nunca vi televisión ,31 minutos,Planeta Infantil México,tapa blanda,148
167,Hábitos atómicos TD ,James Clear,Paidós,tapa dura,459
168,El invencible verano de Liliana ,Cristina Rivera Garza,Literatura Random House,Multiformato,369
169,¡Gracias! ,Andrés Manuel López Obrador,Planeta México,tapa blanda,298
170,La autobiografía no autorizada de Tulio Triviño ,31 minutos,Planeta Infantil México,tapa blanda,148
171,Fisco Agenda 2024 ,Ediciones Fiscales ISEF,Ediciones fiscales ISEF,tapa blanda,356
172,Este dolor no es mío. Identifica y resuelve los traumas familiares heredados. ,Mark Wolynn,Gaia ediciones,tapa blanda,395
173,Hábitos atómicos ,James Clear,Paidós,tapa blanda,399
174,Matemáticas 2. Revuela primaria ,SM de Ediciones,SM,tapa blanda,799
175,La biblioteca de la medianoche ,Matt Haig,AdN,tapa blanda,361
176,Ya te cargó el retiro ,Eduardo Rosas,Grijalbo,tapa blanda,329
177,MEDITACIONES ,Marco Aurelio,Gandhi editores,tapa dura,249
178,"Dinastías: Dos familias, una nación ",Ramón Alberto Garza,Planeta México,tapa blanda,348
179,Romper el círculo (It Ends with Us) (Tie-In) ,Colleen Hoover,Planeta México,tapa blanda,348
180,La ciudad y sus muros inciertos ,Haruki Murakami,Tusquets México,Multiformato,398
181,DEJA DE SER TU ,Joe Dispenza,Urano,tapa blanda,370
182,Un lugar soleado para gente sombría ,Mariana Enriquez,Anagrama Océano,tapa blanda,293
183,Las mujeres que aman demasiado ,Robin Norwood,B de bolsillo,Multiformato,299
184,Relatos de la noche ,Uriel Reyes,Suma,Multiformato,229
185,EL SUTIL ARTE DE QUE TE IMPORTE UN CARAJO 2A. ED. ,Mark Manson,HarperCollins,tapa blanda,222
186,Estrellas De Vainilla ,Aleida Ocegueda,El Naranjo,tapa blanda,122
187,El derechairo que vendió su ferrari ,Jairo Calixto Albarrán,Aguilar,tapa blanda,249
188,El mito de Sísifo ,Albert Camus,Debolsillo,tapa blanda,149
189,Cuando no queden más estrellas que contar ,María Martínez,Crossbooks,tapa blanda,398
190,"Si lo crees, lo creas ",Brian Tracy,Debolsillo,tapa blanda,229
191,Pedro Páramo ,Juan Rulfo,RM,Multiformato,160
192,El principito ,Antoine de Saint-Exupéry,Gandhi editores,tapa dura,199
193,Agenda Mercantil 2024 ,Ediciones Fiscales ISEF,Ediciones fiscales ISEF,tapa blanda,335
194,Ejercicios Matemáticos 5 ,Varios autores,Larousse,tapa blanda,53
195,El pequeño libro de la realidad ,Odin Dupeyron,Disidente,tapa blanda,396
196,Así no es ,Viri Ríos,Grijalbo,tapa blanda,249
197,Dios. La ciencia. Las pruebas. ,Michel Yves Bollore,Oceano,tapa blanda,395
198,Cuentos gatunos ,Varios Autores,EDICIONES GANDHI,tapa dura,229
199,No te creas todo lo que piensas ,Joseph Nguyen,Aguilar Fontanar,Multiformato,199
200,Constitución política de los Estados Unidos Mexicanos 15a edición ,Miguel Carbonell,TIRANT LO BLANCH,tapa blanda,39
201,La paciente silenciosa ,Alex Michaelides,Alfaguara,Multiformato,439
202,Ejercicios de Ortografía 3 primaria ,Varios autores,Larousse,tapa blanda,52
203,Apología de Sócrates ,Platón,Gredos,tapa dura,99
204,SEDUCIENDO A MR: BRIDGERTON : BRIDGERTON 4 ,Julia Quinn,Titania,tapa blanda,345
205,La reina de espadas ,Jazmina Barrera,Lumen,Multiformato,319
206,Mis días en la librería Morisaki ,Satoshi Yagisawa,Plata,tapa blanda,195
207,Los alemanes ( Premio Alfaguara de novela 2024 ) ,Sergio del Molino,Alfaguara,tapa blanda,389
208,Romper el círculo (It Ends with Us) ,Colleen Hoover,Planeta,tapa blanda,348
209,Un animal salvaje ,Joël Dicker,Alfaguara,Multiformato,489
210,Balún-Canán ,Rosario Castellanos,Fondo De Cultura Economica,Multiformato,74
211,Ejercicios de Caligrafía 1 de primaria ,Varios autores,Larousse,tapa blanda,46
212,El Mundo de Sofía (pocket) ,Jostein Gaarder,Grupo Editorial Patria,tapa blanda,269
213,Cumbres Borrascosas ,Emily Brontë,Alianza editorial,tapa blanda,285
214,El infinito en un junco ,Irene Vallejo,Debolsillo,tapa blanda,429
215,El gato que decía adiós ,Hiro Arikawa,Lumen,tapa blanda,289
216,Los recuerdos del porvenir ,Elena Garro,Alfaguara,Multiformato,429
217,Ejercicios de Ortografía 1 primaria ,Varios autores,Larousse,tapa blanda,52
218,"TD Recupera tu mente, reconquista tu vida ",Marian Rojas Estapé,Espasa México,tapa blanda,428
219,El principito ,Antoine de Saint-Exupéry,Gandhi editores,tapa blanda,99
220,Los demonios del Edén ,Lydia Cacho,Debolsillo,tapa blanda,351
221,Fabricante de lágrimas ,Erin Doom,Montena,tapa blanda,479
222,LIBRO MAGNETICO BLUEY ,NOVELTY,NOVELTY EDICIONES,tapa dura,197
223,Ejercicios de Caligrafía 3 de primaria ,Varios autores,Larousse,tapa blanda,46
224,Trece latas de atún ,Amandititita,Debolsillo,tapa blanda,179
225,Los sueños de mis fantasmas ,Irene Vallejo Moreu,unam,tapa blanda,38
226,EL VIZCONDE QUE ME AMO : BRIDGERTON 2 ,Julia Quinn,Titania,tapa blanda,340
227,Los vivos ,Emiliano Monge,Random House,Multiformato,299
228,AUTOBIOGRAFIA DE UN YOGUI ,Paramahansa Yogananda,Self-realization fellowship,tapa blanda,250
229,Una corte de hielo y estrellas ,Sarah J. Maas,Booket México,tapa blanda,228
230,EL ARTE DE LA GUERRA ,Sun Tzu,Gandhi editores,tapa dura,249
231,Los puntos sobre las íes ,Maria Amparo Casar,Debate,tapa blanda,299
232,Ejercicios de Caligrafía 5 de primaria ,Varios autores,Larousse,tapa blanda,46
233,"República, Parménides ",Platón,Gredos,tapa dura,99
234,El libro de Bill ,Alex Hirsch,Planeta,tapa dura,348
235,Yo nunca vi televisión ,31 minutos,Planeta Infantil México,tapa blanda,148
236,Hábitos atómicos TD ,James Clear,Paidós,tapa dura,459
237,El invencible verano de Liliana ,Cristina Rivera Garza,Literatura Random House,Multiformato,369
238,¡Gracias! ,Andrés Manuel López Obrador,Planeta México,tapa blanda,298
239,La autobiografía no autorizada de Tulio Triviño ,31 minutos,Planeta Infantil México,tapa blanda,148
240,Fisco Agenda 2024 ,Ediciones Fiscales ISEF,Ediciones fiscales ISEF,tapa blanda,356
241,Este dolor no es mío. Identifica y resuelve los traumas familiares heredados. ,Mark Wolynn,Gaia ediciones,tapa blanda,395
242,Hábitos atómicos ,James Clear,Paidós,tapa blanda,399
243,Matemáticas 2. Revuela primaria ,SM de Ediciones,SM,tapa blanda,799
244,La biblioteca de la medianoche ,Matt Haig,AdN,tapa blanda,361
245,Ya te cargó el retiro ,Eduardo Rosas,Grijalbo,tapa blanda,329
246,MEDITACIONES ,Marco Aurelio,Gandhi editores,tapa dura,249
247,"Dinastías: Dos familias, una nación ",Ramón Alberto Garza,Planeta México,tapa blanda,348
248,Romper el círculo (It Ends with Us) (Tie-In) ,Colleen Hoover,Planeta México,tapa blanda,348
249,La ciudad y sus muros inciertos ,Haruki Murakami,Tusquets México,Multiformato,398
250,DEJA DE SER TU ,Joe Dispenza,Urano,tapa blanda,370
251,Un lugar soleado para gente sombría ,Mariana Enriquez,Anagrama Océano,tapa blanda,293
252,Las mujeres que aman demasiado ,Robin Norwood,B de bolsillo,Multiformato,299
253,Relatos de la noche ,Uriel Reyes,Suma,Multiformato,229
254,EL SUTIL ARTE DE QUE TE IMPORTE UN CARAJO 2A. ED. ,Mark Manson,HarperCollins,tapa blanda,222
255,Estrellas De Vainilla ,Aleida Ocegueda,El Naranjo,tapa blanda,122
256,El derechairo que vendió su ferrari ,Jairo Calixto Albarrán,Aguilar,tapa blanda,249
257,El mito de Sísifo ,Albert Camus,Debolsillo,tapa blanda,149
258,Cuando no queden más estrellas que contar ,María Martínez,Crossbooks,tapa blanda,398
259,"Si lo crees, lo creas ",Brian Tracy,Debolsillo,tapa blanda,229
260,Pedro Páramo ,Juan Rulfo,RM,Multiformato,160
261,El principito ,Antoine de Saint-Exupéry,Gandhi editores,tapa dura,199
262,Agenda Mercantil 2024 ,Ediciones Fiscales ISEF,Ediciones fiscales ISEF,tapa blanda,335
263,Ejercicios Matemáticos 5 ,Varios autores,Larousse,tapa blanda,53
264,El pequeño libro de la realidad ,Odin Dupeyron,Disidente,tapa blanda,396
265,Así no es ,Viri Ríos,Grijalbo,tapa blanda,249
266,Dios. La ciencia. Las pruebas. ,Michel Yves Bollore,Oceano,tapa blanda,395
267,Cuentos gatunos ,Varios Autores,EDICIONES GANDHI,tapa dura,229
268,No te creas todo lo que piensas ,Joseph Nguyen,Aguilar Fontanar,Multiformato,199
269,Constitución política de los Estados Unidos Mexicanos 15a edición ,Miguel Carbonell,TIRANT LO BLANCH,tapa blanda,39
270,La paciente silenciosa ,Alex Michaelides,Alfaguara,Multiformato,439
271,Ejercicios de Ortografía 3 primaria ,Varios autores,Larousse,tapa blanda,52
272,Apología de Sócrates ,Platón,Gredos,tapa dura,99
273,SEDUCIENDO A MR: BRIDGERTON : BRIDGERTON 4 ,Julia Quinn,Titania,tapa blanda,345
274,La reina de espadas ,Jazmina Barrera,Lumen,Multiformato,319
275,Mis días en la librería Morisaki ,Satoshi Yagisawa,Plata,tapa blanda,195
276,Los alemanes ( Premio Alfaguara de novela 2024 ) ,Sergio del Molino,Alfaguara,tapa blanda,389
277,Romper el círculo (It Ends with Us) ,Colleen Hoover,Planeta,tapa blanda,348
278,Un animal salvaje ,Joël Dicker,Alfaguara,Multiformato,489
279,Balún-Canán ,Rosario Castellanos,Fondo De Cultura Economica,Multiformato,74
280,Ejercicios de Caligrafía 1 de primaria ,Varios autores,Larousse,tapa blanda,46
281,El Mundo de Sofía (pocket) ,Jostein Gaarder,Grupo Editorial Patria,tapa blanda,269
282,Cumbres Borrascosas ,Emily Brontë,Alianza editorial,tapa blanda,285
283,El infinito en un junco ,Irene Vallejo,Debolsillo,tapa blanda,429
284,El gato que decía adiós ,Hiro Arikawa,Lumen,tapa blanda,289
285,Los recuerdos del porvenir ,Elena Garro,Alfaguara,Multiformato,429
286,Ejercicios de Ortografía 1 primaria ,Varios autores,Larousse,tapa blanda,52
287,"TD Recupera tu mente, reconquista tu vida ",Marian Rojas Estapé,Espasa México,tapa blanda,428
288,El principito ,Antoine de Saint-Exupéry,Gandhi editores,tapa blanda,99
289,Los demonios del Edén ,Lydia Cacho,Debolsillo,tapa blanda,351
290,Fabricante de lágrimas ,Erin Doom,Montena,tapa blanda,479
291,LIBRO MAGNETICO BLUEY ,NOVELTY,NOVELTY EDICIONES,tapa dura,197
292,Ejercicios de Caligrafía 3 de primaria ,Varios autores,Larousse,tapa blanda,46
293,Trece latas de atún ,Amandititita,Debolsillo,tapa blanda,179
294,Los sueños de mis fantasmas ,Irene Vallejo Moreu,unam,tapa blanda,38
295,EL VIZCONDE QUE ME AMO : BRIDGERTON 2 ,Julia Quinn,Titania,tapa blanda,340
296,Los vivos ,Emiliano Monge,Random House,Multiformato,299
297,AUTOBIOGRAFIA DE UN YOGUI ,Paramahansa Yogananda,Self-realization fellowship,tapa blanda,250
298,Una corte de hielo y estrellas ,Sarah J. Maas,Booket México,tapa blanda,228
299,EL ARTE DE LA GUERRA ,Sun Tzu,Gandhi editores,tapa dura,249
300,Los puntos sobre las íes ,Maria Amparo Casar,Debate,tapa blanda,299
301,Ejercicios de Caligrafía 5 de primaria ,Varios autores,Larousse,tapa blanda,46
302,"República, Parménides ",Platón,Gredos,tapa dura,99
303,El acto de crear ,Rick Rubin,Diana México,tapa blanda,398
304,TE DOY MI CORAZON : BRIDGERTON 3 ,Julia Quinn,Titania,tapa blanda,345
305,Wiccapedia ,SHAWN ROBBINS,Librero,tapa dura,299
306,Mentalidad mamba ,Kobe Bryant,Planeta,tapa blanda,388
307,Invasión silenciosa ,Jenaro Martínez López,Hachette Literatura,tapa blanda,379
308,Intensamente 2. Libro de arte y Emociones ,Disney,Planeta Infantil México,tapa blanda,128
309,Los ojos de Mona ,Thomas Schlesser,Lumen,tapa blanda,449
310,Cuchillo ,Salman Rushdie,Random House,tapa blanda,249
311,Amor Liquido. Acerca De La Fragilidad De Los Vinculos Humanos: Acerca De La Fragilidad De Los Vincul ,Zygmunt Bauman,Fondo De Cultura Economica,tapa blanda,135
312,Ejercicios Matemáticos 1 ,Varios autores,Larousse,tapa blanda,53
313,El enigma de la habitación 622 ,Joël Dicker,Alfaguara,tapa blanda,219
314,El color de las cosas invisibles ,Andrea Longarela,Crossbooks México,Multiformato,298
315,El libro de Bill ,Alex Hirsch,Planeta,tapa dura,348
316,Yo nunca vi televisión ,31 minutos,Planeta Infantil México,tapa blanda,148
317,Hábitos atómicos TD ,James Clear,Paidós,tapa dura,459
318,El invencible verano de Liliana ,Cristina Rivera Garza,Literatura Random House,Multiformato,369
319,¡Gracias! ,Andrés Manuel López Obrador,Planeta México,tapa blanda,298
320,La autobiografía no autorizada de Tulio Triviño ,31 minutos,Planeta Infantil México,tapa blanda,148
321,Fisco Agenda 2024 ,Ediciones Fiscales ISEF,Ediciones fiscales ISEF,tapa blanda,356
322,Este dolor no es mío. Identifica y resuelve los traumas familiares heredados. ,Mark Wolynn,Gaia ediciones,tapa blanda,395
323,Hábitos atómicos ,James Clear,Paidós,tapa blanda,399
324,Matemáticas 2. Revuela primaria ,SM de Ediciones,SM,tapa blanda,799
325,La biblioteca de la medianoche ,Matt Haig,AdN,tapa blanda,361
326,Ya te cargó el retiro ,Eduardo Rosas,Grijalbo,tapa blanda,329
327,MEDITACIONES ,Marco Aurelio,Gandhi editores,tapa dura,249
328,"Dinastías: Dos familias, una nación ",Ramón Alberto Garza,Planeta México,tapa blanda,348
329,Romper el círculo (It Ends with Us) (Tie-In) ,Colleen Hoover,Planeta México,tapa blanda,348
330,La ciudad y sus muros inciertos ,Haruki Murakami,Tusquets México,Multiformato,398
331,DEJA DE SER TU ,Joe Dispenza,Urano,tapa blanda,370
332,Un lugar soleado para gente sombría ,Mariana Enriquez,Anagrama Océano,tapa blanda,293
333,Las mujeres que aman demasiado ,Robin Norwood,B de bolsillo,Multiformato,299
334,Relatos de la noche ,Uriel Reyes,Suma,Multiformato,229
335,EL SUTIL ARTE DE QUE TE IMPORTE UN CARAJO 2A. ED. ,Mark Manson,HarperCollins,tapa blanda,222
336,Estrellas De Vainilla ,Aleida Ocegueda,El Naranjo,tapa blanda,122
337,El derechairo que vendió su ferrari ,Jairo Calixto Albarrán,Aguilar,tapa blanda,249
338,El mito de Sísifo ,Albert Camus,Debolsillo,tapa blanda,149
339,Cuando no queden más estrellas que contar ,María Martínez,Crossbooks,tapa blanda,398
340,"Si lo crees, lo creas ",Brian Tracy,Debolsillo,tapa blanda,229
341,Pedro Páramo ,Juan Rulfo,RM,Multiformato,160
342,El principito ,Antoine de Saint-Exupéry,Gandhi editores,tapa dura,199
343,Agenda Mercantil 2024 ,Ediciones Fiscales ISEF,Ediciones fiscales ISEF,tapa blanda,335
344,Ejercicios Matemáticos 5 ,Varios autores,Larousse,tapa blanda,53
345,El pequeño libro de la realidad ,Odin Dupeyron,Disidente,tapa blanda,396
346,Así no es ,Viri Ríos,Grijalbo,tapa blanda,249
347,Dios. La ciencia. Las pruebas. ,Michel Yves Bollore,Oceano,tapa blanda,395
348,Cuentos gatunos ,Varios Autores,EDICIONES GANDHI,tapa dura,229
349,No te creas todo lo que piensas ,Joseph Nguyen,Aguilar Fontanar,Multiformato,199
350,Constitución política de los Estados Unidos Mexicanos 15a edición ,Miguel Carbonell,TIRANT LO BLANCH,tapa blanda,39
351,La paciente silenciosa ,Alex Michaelides,Alfaguara,Multiformato,439
352,Ejercicios de Ortografía 3 primaria ,Varios autores,Larousse,tapa blanda,52
353,Apología de Sócrates ,Platón,Gredos,tapa dura,99
354,SEDUCIENDO A MR: BRIDGERTON : BRIDGERTON 4 ,Julia Quinn,Titania,tapa blanda,345
355,La reina de espadas ,Jazmina Barrera,Lumen,Multiformato,319
356,Mis días en la librería Morisaki ,Satoshi Yagisawa,Plata,tapa blanda,195
357,Los alemanes ( Premio Alfaguara de novela 2024 ) ,Sergio del Molino,Alfaguara,tapa blanda,389
358,Romper el círculo (It Ends with Us) ,Colleen Hoover,Planeta,tapa blanda,348
359,Un animal salvaje ,Joël Dicker,Alfaguara,Multiformato,489
360,Balún-Canán ,Rosario Castellanos,Fondo De Cultura Economica,Multiformato,74
361,Ejercicios de Caligrafía 1 de primaria ,Varios autores,Larousse,tapa blanda,46
362,El Mundo de Sofía (pocket) ,Jostein Gaarder,Grupo Editorial Patria,tapa blanda,269
363,Cumbres Borrascosas ,Emily Brontë,Alianza editorial,tapa blanda,285
364,El infinito en un junco ,Irene Vallejo,Debolsillo,tapa blanda,429
365,El gato que decía adiós ,Hiro Arikawa,Lumen,tapa blanda,289
366,Los recuerdos del porvenir ,Elena Garro,Alfaguara,Multiformato,429
367,Ejercicios de Ortografía 1 primaria ,Varios autores,Larousse,tapa blanda,52
368,"TD Recupera tu mente, reconquista tu vida ",Marian Rojas Estapé,Espasa México,tapa blanda,428
369,El principito ,Antoine de Saint-Exupéry,Gandhi editores,tapa blanda,99
370,Los demonios del Edén ,Lydia Cacho,Debolsillo,tapa blanda,351
371,Fabricante de lágrimas ,Erin Doom,Montena,tapa blanda,479
372,LIBRO MAGNETICO BLUEY ,NOVELTY,NOVELTY EDICIONES,tapa dura,197
373,Ejercicios de Caligrafía 3 de primaria ,Varios autores,Larousse,tapa blanda,46
374,Trece latas de atún ,Amandititita,Debolsillo,tapa blanda,179
375,Los sueños de mis fantasmas ,Irene Vallejo Moreu,unam,tapa blanda,38
376,EL VIZCONDE QUE ME AMO : BRIDGERTON 2 ,Julia Quinn,Titania,tapa blanda,340
377,Los vivos ,Emiliano Monge,Random House,Multiformato,299
378,AUTOBIOGRAFIA DE UN YOGUI ,Paramahansa Yogananda,Self-realization fellowship,tapa blanda,250
379,Una corte de hielo y estrellas ,Sarah J. Maas,Booket México,tapa blanda,228
380,EL ARTE DE LA GUERRA ,Sun Tzu,Gandhi editores,tapa dura,249
381,Los puntos sobre las íes ,Maria Amparo Casar,Debate,tapa blanda,299
382,Ejercicios de Caligrafía 5 de primaria ,Varios autores,Larousse,tapa blanda,46
383,"República, Parménides ",Platón,Gredos,tapa dura,99
384,El acto de crear ,Rick Rubin,Diana México,tapa blanda,398
385,TE DOY MI CORAZON : BRIDGERTON 3 ,Julia Quinn,Titania,tapa blanda,345
386,Wiccapedia ,SHAWN ROBBINS,Librero,tapa dura,299
387,Mentalidad mamba ,Kobe Bryant,Planeta,tapa blanda,388
388,Invasión silenciosa ,Jenaro Martínez López,Hachette Literatura,tapa blanda,379
389,Intensamente 2. Libro de arte y Emociones ,Disney,Planeta Infantil México,tapa blanda,128
390,Los ojos de Mona ,Thomas Schlesser,Lumen,tapa blanda,449
391,Cuchillo ,Salman Rushdie,Random House,tapa blanda,249
392,Amor Liquido. Acerca De La Fragilidad De Los Vinculos Humanos: Acerca De La Fragilidad De Los Vincul ,Zygmunt Bauman,Fondo De Cultura Economica,tapa blanda,135
393,Ejercicios Matemáticos 1 ,Varios autores,Larousse,tapa blanda,53
394,El enigma de la habitación 622 ,Joël Dicker,Alfaguara,tapa blanda,219
395,El color de las cosas invisibles ,Andrea Longarela,Crossbooks México,Multiformato,298
396,Miles de pececitos devoran mi neurosis ,María Elena López Lacroix,Hachette Literatura,tapa blanda,299
397,Temporada de huracanes ,Fernanda Melchor,Literatura Random House,tapa blanda,299
398,La tonalidad del pensamiento ,Byung-Chul Han,Paidos México,tapa blanda,229
399,Los 7 hábitos de la gente altamente efectiva. Ed. revisada y actualizada ,Stephen R. Covey,Booket,tapa blanda,269
